embedding,detector,config,roc_auc,pr_auc,fp_no_recall_90,fp_no_recall_95
all-mpnet-base-v2,kNN,k=1,0.8720634496676163,0.2813039506203053,0.39823717948717946,0.4733974358974359
all-mpnet-base-v2,kNN,k=5,0.8932232312440646,0.2587083808218319,0.2653846153846154,0.4669871794871795
all-MiniLM-L6-v2,kNN,k=1,0.8720760624406458,0.24748431872941376,0.3935897435897436,0.46073717948717946
all-MiniLM-L6-v2,kNN,k=5,0.885676341405508,0.242416172630696,0.3384615384615385,0.4126602564102564
all-mpnet-base-v2,kNN,k=10,0.8901776175213675,0.24216527780801733,0.3019230769230769,0.4826923076923077
all-MiniLM-L6-v2,kNN,k=10,0.8827765165004748,0.23264880719716144,0.33958333333333335,0.4511217948717949
all-mpnet-base-v2,kNN,k=20,0.8841409217711301,0.22736776590941604,0.33253205128205127,0.47724358974358977
all-MiniLM-L6-v2,kNN,k=20,0.8766730472459637,0.2180976636138393,0.3753205128205128,0.48044871794871796
BAAI/bge-small-en-v1.5,kNN,k=1,0.8635297958214626,0.17042287071149895,0.3607371794871795,0.5017628205128205
BAAI/bge-base-en-v1.5,kNN,k=1,0.8611637879867047,0.16345265806199863,0.34807692307692306,0.4701923076923077
BAAI/bge-small-en-v1.5,kNN,k=5,0.8460603632478633,0.14723749669369385,0.3769230769230769,0.5865384615384616
BAAI/bge-base-en-v1.5,kNN,k=5,0.8471509971509972,0.142398997438776,0.38125,0.4863782051282051
BAAI/bge-small-en-v1.5,kNN,k=10,0.8321284425451093,0.13040857325352248,0.43141025641025643,0.60625
BAAI/bge-base-en-v1.5,kNN,k=10,0.8371409069325735,0.12827606457367607,0.4078525641025641,0.5064102564102564
all-mpnet-base-v2,OneClassSVM,"gamma=scale, nu=0.05",0.7624510327635328,0.12175966175062998,0.6540064102564103,0.7599358974358974
all-mpnet-base-v2,OneClassSVM,"gamma=1.0, nu=0.05",0.7624510327635328,0.12175966175062998,0.6540064102564103,0.7599358974358974
all-mpnet-base-v2,OneClassSVM,"gamma=2.0, nu=0.05",0.7640395002374168,0.12157270445401921,0.6782051282051282,0.7711538461538462
all-mpnet-base-v2,OneClassSVM,"gamma=2.0, nu=0.1",0.763545376305793,0.12079473259792717,0.6701923076923076,0.7743589743589744
all-mpnet-base-v2,OneClassSVM,"gamma=1.0, nu=0.1",0.7600449608262109,0.11921988852165953,0.6661858974358974,0.774198717948718
all-mpnet-base-v2,OneClassSVM,"gamma=scale, nu=0.1",0.7600442188983856,0.11921922564839559,0.6661858974358974,0.774198717948718
all-mpnet-base-v2,OneClassSVM,"gamma=4.0, nu=0.1",0.7655300332383665,0.1151126627413413,0.6575320512820513,0.7899038461538461
all-mpnet-base-v2,OneClassSVM,"gamma=4.0, nu=0.05",0.7655137108262108,0.1150785925246614,0.6576923076923077,0.7895833333333333
BAAI/bge-base-en-v1.5,kNN,k=20,0.8233766619183286,0.11396436448200457,0.4354166666666667,0.5248397435897436
BAAI/bge-small-en-v1.5,kNN,k=20,0.8167130371557455,0.11233871474198588,0.4426282051282051,0.6176282051282052
all-MiniLM-L6-v2,OneClassSVM,"gamma=2.0, nu=0.1",0.696244361348528,0.09490479217358137,0.7184294871794872,0.8294871794871795
all-MiniLM-L6-v2,OneClassSVM,"gamma=4.0, nu=0.1",0.7233232431149098,0.09442845854275868,0.6283653846153846,0.7354166666666667
all-MiniLM-L6-v2,OneClassSVM,"gamma=4.0, nu=0.05",0.7233232431149097,0.09442608209784763,0.6283653846153846,0.7354166666666667
all-MiniLM-L6-v2,OneClassSVM,"gamma=2.0, nu=0.05",0.6956389482431149,0.09394319667756224,0.7165064102564103,0.8270833333333333
all-MiniLM-L6-v2,OneClassSVM,"gamma=scale, nu=0.1",0.6850954119183287,0.09061487015913448,0.7538461538461538,0.8525641025641025
all-MiniLM-L6-v2,OneClassSVM,"gamma=1.0, nu=0.1",0.6850954119183287,0.09061487015913448,0.7538461538461538,0.8525641025641025
all-MiniLM-L6-v2,OneClassSVM,"gamma=1.0, nu=0.05",0.6865006232193732,0.08748004554210925,0.7110576923076923,0.8669871794871795
all-MiniLM-L6-v2,OneClassSVM,"gamma=scale, nu=0.05",0.6865006232193732,0.08748004554210925,0.7110576923076923,0.8669871794871795
BAAI/bge-base-en-v1.5,OneClassSVM,"gamma=4.0, nu=0.05",0.5336352979582146,0.040267345818430986,0.9998397435897436,0.9998397435897436
BAAI/bge-base-en-v1.5,OneClassSVM,"gamma=4.0, nu=0.1",0.5337265550807218,0.03990677338320152,0.9998397435897436,0.9998397435897436
BAAI/bge-base-en-v1.5,OneClassSVM,"gamma=1.0, nu=0.05",0.5097229641500475,0.03824562107777385,0.9998397435897436,0.9998397435897436
BAAI/bge-base-en-v1.5,OneClassSVM,"gamma=scale, nu=0.05",0.5097229641500475,0.038245519178787234,0.9998397435897436,0.9998397435897436
BAAI/bge-base-en-v1.5,OneClassSVM,"gamma=2.0, nu=0.05",0.5094610636277304,0.03813179725209963,0.9998397435897436,0.9998397435897436
BAAI/bge-base-en-v1.5,OneClassSVM,"gamma=2.0, nu=0.1",0.5163424442070276,0.037657997065694414,0.9998397435897436,0.9998397435897436
all-MiniLM-L6-v2,IsolationForest,n_estimators=100,0.5323309888414055,0.03737854829439961,0.8496794871794872,0.8983974358974359
BAAI/bge-base-en-v1.5,OneClassSVM,"gamma=scale, nu=0.1",0.5110576923076923,0.03685480553852371,0.9998397435897436,0.9998397435897436
BAAI/bge-base-en-v1.5,OneClassSVM,"gamma=1.0, nu=0.1",0.5110569503798671,0.03685470506705052,0.9998397435897436,0.9998397435897436
all-mpnet-base-v2,IsolationForest,n_estimators=100,0.5003101258309592,0.032706601962750194,0.8717948717948718,0.9634615384615385
BAAI/bge-base-en-v1.5,IsolationForest,n_estimators=100,0.470175985280152,0.029765050317607226,0.9852564102564103,0.9852564102564103
BAAI/bge-small-en-v1.5,OneClassSVM,"gamma=4.0, nu=0.05",0.4682536502849003,0.029461740529988976,0.9126602564102564,0.9126602564102564
BAAI/bge-small-en-v1.5,OneClassSVM,"gamma=4.0, nu=0.1",0.46740711063627727,0.029320409600517936,0.9105769230769231,0.9105769230769231
BAAI/bge-small-en-v1.5,OneClassSVM,"gamma=2.0, nu=0.05",0.4646968482905983,0.02911687546138633,0.9318910256410257,0.9318910256410257
BAAI/bge-small-en-v1.5,OneClassSVM,"gamma=1.0, nu=0.05",0.4645432692307692,0.029053528143548862,0.9298076923076923,0.9298076923076923
BAAI/bge-small-en-v1.5,OneClassSVM,"gamma=scale, nu=0.05",0.464542527302944,0.029053489564404206,0.9298076923076923,0.9298076923076923
BAAI/bge-small-en-v1.5,OneClassSVM,"gamma=2.0, nu=0.1",0.44278030033238364,0.027722139089040344,0.930448717948718,0.930448717948718
BAAI/bge-small-en-v1.5,OneClassSVM,"gamma=1.0, nu=0.1",0.4370956493352327,0.027348612921153034,0.9336538461538462,0.9336538461538462
BAAI/bge-small-en-v1.5,OneClassSVM,"gamma=scale, nu=0.1",0.43709416547958213,0.027348543955719513,0.9336538461538462,0.9336538461538462
BAAI/bge-small-en-v1.5,IsolationForest,n_estimators=100,0.3629154795821462,0.02385204923791738,0.9794871794871794,0.9794871794871794
