embedding,variante,k,tamanho_minimo,roc_auc,pr_auc,fp_no_recall_90,fp_no_recall_95,recall90_encoding,recall90_hidden instruction,recall90_indirect injection,recall90_payload splitting,recall90_role-play override
all-MiniLM-L6-v2,combinado,5,20.0,0.9430422008547008,0.2917903645188868,0.11762820512820513,0.1387820512820513,0.8333333333333334,0.7916666666666666,0.875,1.0,0.9583333333333334
all-MiniLM-L6-v2,trechos,5,20.0,0.9427684294871796,0.2943073287824136,0.1201923076923077,0.17243589743589743,0.9583333333333334,0.8125,0.8333333333333334,0.9791666666666666,0.9583333333333334
all-MiniLM-L6-v2,combinado,5,1.0,0.9407704178537512,0.2871335562527625,0.12259615384615384,0.14166666666666666,0.875,0.7916666666666666,0.8541666666666666,1.0,0.9583333333333334
all-MiniLM-L6-v2,trechos,5,1.0,0.9392895299145299,0.28183474190887114,0.12307692307692308,0.18349358974358973,0.9583333333333334,0.8125,0.8333333333333334,0.9583333333333334,0.9583333333333334
all-mpnet-base-v2,trechos,5,20.0,0.9406005163817663,0.3040588785199408,0.1564102564102564,0.19326923076923078,0.5416666666666666,0.8541666666666666,0.9166666666666666,1.0,1.0
all-mpnet-base-v2,trechos,5,1.0,0.9334906220322887,0.2685195497422799,0.16137820512820514,0.20400641025641025,0.4583333333333333,0.8541666666666666,0.9583333333333334,1.0,1.0
all-MiniLM-L6-v2,trechos,1,20.0,0.9327969195156696,0.3047367032261016,0.17580128205128207,0.3038461538461538,0.375,0.9166666666666666,0.9375,1.0,1.0
all-mpnet-base-v2,combinado,5,20.0,0.941079801756885,0.30374081018045046,0.17596153846153847,0.22580128205128205,0.5,0.8541666666666666,0.9583333333333334,0.9791666666666666,1.0
all-MiniLM-L6-v2,trechos,1,1.0,0.9298729819563153,0.29641670796887454,0.17884615384615385,0.31298076923076923,0.4166666666666667,0.8958333333333334,0.9375,1.0,1.0
all-mpnet-base-v2,combinado,5,1.0,0.9346302231718899,0.2743568232768627,0.18253205128205127,0.21907051282051282,0.4583333333333333,0.8541666666666666,0.9791666666666666,0.9791666666666666,1.0
all-MiniLM-L6-v2,combinado,1,20.0,0.9225442188983857,0.3033139888074512,0.23653846153846153,0.36169871794871794,0.375,0.8958333333333334,0.9583333333333334,1.0,1.0
all-MiniLM-L6-v2,combinado,1,1.0,0.9210640728869897,0.3030863528873202,0.2389423076923077,0.3658653846153846,0.375,0.875,0.9791666666666666,1.0,1.0
all-mpnet-base-v2,inteiro,5,,0.8932232312440646,0.2587083808218319,0.2653846153846154,0.4669871794871795,1.0,0.5625,0.9791666666666666,1.0,1.0
all-mpnet-base-v2,trechos,1,20.0,0.9206100130579298,0.3339202383878561,0.32724358974358975,0.37916666666666665,0.20833333333333334,0.9583333333333334,0.9791666666666666,1.0,1.0
all-MiniLM-L6-v2,inteiro,5,,0.885676341405508,0.242416172630696,0.3384615384615385,0.4126602564102564,1.0,0.5833333333333334,0.9583333333333334,1.0,1.0
all-mpnet-base-v2,trechos,1,1.0,0.9140788224121557,0.3058290964102758,0.34118589743589745,0.39647435897435895,0.20833333333333334,0.9583333333333334,0.9791666666666666,1.0,1.0
all-MiniLM-L6-v2,inteiro,1,,0.8720760624406458,0.24748431872941376,0.3935897435897436,0.46073717948717946,0.7916666666666666,0.7083333333333334,0.9375,1.0,1.0
all-mpnet-base-v2,inteiro,1,,0.8720634496676163,0.2813039506203053,0.39823717948717946,0.4733974358974359,0.5833333333333334,0.7708333333333334,0.9791666666666666,1.0,1.0
all-mpnet-base-v2,combinado,1,20.0,0.9131914767331435,0.34055936786220425,0.3996794871794872,0.4565705128205128,0.125,0.9791666666666666,1.0,1.0,1.0
all-mpnet-base-v2,combinado,1,1.0,0.908644943019943,0.3172811965806571,0.40673076923076923,0.461698717948718,0.125,0.9791666666666666,1.0,1.0,1.0
